"movie_name","review_code","first_week_box_office","predicted_box_office_w2v"
"2012",931,"81,721,057",1762816.99333618
"(500) Days of Summer",10,"1,373,754",1920572.67631803
"(500) Days of Summer",189,"1,373,754",1947318.97084657
"2012",831,"81,721,057",1585983.69449415
"127 Hours",641,"372,989",2467534.34975382
"127 Hours",642,"372,989",1994554.22555322
"2012",875,"81,721,057",1888249.9937548
"(500) Days of Summer",113,"1,373,754",1349133.28416862
"(500) Days of Summer",35,"1,373,754",1506552.11425889
"(500) Days of Summer",244,"1,373,754",1743526.67399585
"(500) Days of Summer",158,"1,373,754",1980864.57395267
"(500) Days of Summer",136,"1,373,754",2220298.94889341
"(500) Days of Summer",234,"1,373,754",1879608.27671541
"2012",934,"81,721,057",2501021.7344279
"127 Hours",569,"372,989",1922304.47717335
"127 Hours",565,"372,989",1413995.13787519
"127 Hours",566,"372,989",965791.07165288
"2012",986,"81,721,057",2026937.91486006
"(500) Days of Summer",291,"1,373,754",1128644.47217698
"(500) Days of Summer",166,"1,373,754",1303596.96962849
"(500) Days of Summer",39,"1,373,754",1514416.88630757
"(500) Days of Summer",329,"1,373,754",2196508.66172143
"(500) Days of Summer",258,"1,373,754",1814891.92603341
"(500) Days of Summer",63,"1,373,754",2064305.142539
"(500) Days of Summer",263,"1,373,754",1788302.25694547
"(500) Days of Summer",48,"1,373,754",1293782.5898414
"(500) Days of Summer",332,"1,373,754",2152201.36703759
"(500) Days of Summer",387,"1,373,754",1754093.05992917
"2012",999,"81,721,057",1675761.97472211
"(500) Days of Summer",351,"1,373,754",2309722.45544818
"2012",828,"81,721,057",1675640.15156423
"2012",872,"81,721,057",1956978.63727558
"(500) Days of Summer",59,"1,373,754",1284734.83614746
"(500) Days of Summer",231,"1,373,754",1849392.64482428
"(500) Days of Summer",341,"1,373,754",2003908.50749493
"127 Hours",596,"372,989",1927583.56614257
"127 Hours",639,"372,989",1932990.6579239
"127 Hours",640,"372,989",1911068.04051036
"(500) Days of Summer",186,"1,373,754",1832739.44039089
"(500) Days of Summer",339,"1,373,754",1869957.66903679
"2012",908,"81,721,057",1633673.88909716
"127 Hours",459,"372,989",3074058.81519356
"127 Hours",468,"372,989",2244863.96142661
"127 Hours",481,"372,989",1936581.68010807
"127 Hours",568,"372,989",1673212.5214534
"127 Hours",708,"372,989",1370025.51725741
"2012",896,"81,721,057",2158631.31655986
"(500) Days of Summer",199,"1,373,754",1584473.07433451
"(500) Days of Summer",164,"1,373,754",1626251.2569662
"127 Hours",601,"372,989",1835938.04358273
"(500) Days of Summer",311,"1,373,754",1048002.83608518
"(500) Days of Summer",380,"1,373,754",2164729.48137339
"(500) Days of Summer",27,"1,373,754",2306413.30382958
"2012",825,"81,721,057",2312993.27057064
"127 Hours",704,"372,989",1720786.16964435
"127 Hours",745,"372,989",1631489.36797086
"(500) Days of Summer",202,"1,373,754",1846177.71542463
"(500) Days of Summer",227,"1,373,754",1896888.77412547
"(500) Days of Summer",320,"1,373,754",1885806.30066571
"2012",998,"81,721,057",1546658.63817651
"2012",987,"81,721,057",2136175.06149469
"2012",781,"81,721,057",2374494.12954258
"2012",811,"81,721,057",2023588.53085309
"2012",851,"81,721,057",1508507.53992544
"2012",947,"81,721,057",2045511.83212564
"2012",994,"81,721,057",2555301.84764702
"127 Hours",637,"372,989",1650908.77633953
"127 Hours",638,"372,989",1705837.16730664
"2012",991,"81,721,057",1689131.68741969
"(500) Days of Summer",298,"1,373,754",2292268.86931489
"127 Hours",517,"372,989",1624271.9166705
"2012",869,"81,721,057",1685427.0299783
"(500) Days of Summer",156,"1,373,754",1798288.24247686
"127 Hours",504,"372,989",2497753.87356078
"(500) Days of Summer",104,"1,373,754",1869111.31161505
"(500) Days of Summer",181,"1,373,754",2480752.70425216
"2012",933,"81,721,057",1629460.83594753
"127 Hours",537,"372,989",2706863.07307651
"127 Hours",609,"372,989",1982321.78330074
"127 Hours",610,"372,989",1022671.31416585
"127 Hours",509,"372,989",2710711.86649973
"(500) Days of Summer",345,"1,373,754",2262131.54421847
"2012",995,"81,721,057",1952317.15620675
"(500) Days of Summer",290,"1,373,754",1488405.17217422
"(500) Days of Summer",163,"1,373,754",1594216.0303983
"(500) Days of Summer",310,"1,373,754",2350276.64390031
"(500) Days of Summer",364,"1,373,754",1523005.56942692
"(500) Days of Summer",96,"1,373,754",1869310.02796139
"(500) Days of Summer",262,"1,373,754",1809375.81343229
"2012",921,"81,721,057",1786232.83391519
"2012",922,"81,721,057",2237537.50642594
"2012",923,"81,721,057",1856808.43797878
"(500) Days of Summer",201,"1,373,754",2230351.04043773
"(500) Days of Summer",221,"1,373,754",1430595.95490727
"2012",882,"81,721,057",1876391.77344426
"2012",803,"81,721,057",2408104.29784341
"2012",810,"81,721,057",2094566.44235778
"2012",813,"81,721,057",1757666.36843558
"2012",946,"81,721,057",2071357.9581311
"2012",958,"81,721,057",1695411.14194968
"127 Hours",409,"372,989",1550429.24773044
"127 Hours",579,"372,989",2803668.24657941
"127 Hours",580,"372,989",1417110.86626235
"127 Hours",686,"372,989",1506754.87863418
"127 Hours",728,"372,989",1888572.19972832
"(500) Days of Summer",143,"1,373,754",1916096.84558742
"(500) Days of Summer",271,"1,373,754",2136416.06339913
"127 Hours",588,"372,989",2057852.28180558
"127 Hours",635,"372,989",1675286.45527802
"127 Hours",636,"372,989",1863450.59933809
"127 Hours",732,"372,989",1610772.73229915
"127 Hours",464,"372,989",1424912.7432853
"(500) Days of Summer",19,"1,373,754",2004159.14180209
"(500) Days of Summer",127,"1,373,754",1641256.38454404
"(500) Days of Summer",128,"1,373,754",2041900.85395413
"(500) Days of Summer",177,"1,373,754",2152258.31132172
"2012",932,"81,721,057",2405003.33183093
"127 Hours",415,"372,989",2115718.68908046
"127 Hours",536,"372,989",2068250.65090127
"127 Hours",476,"372,989",1498474.9125486
"127 Hours",607,"372,989",2076165.17694118
"127 Hours",608,"372,989",2074345.75187817
"127 Hours",508,"372,989",2123515.45172175
"(500) Days of Summer",18,"1,373,754",1643316.5522827
"(500) Days of Summer",193,"1,373,754",2564566.57650651
"(500) Days of Summer",194,"1,373,754",2023639.26214007
"(500) Days of Summer",355,"1,373,754",1986824.09235985
"2012",929,"81,721,057",1829151.15556862
"127 Hours",742,"372,989",2121786.54462771
"(500) Days of Summer",261,"1,373,754",1637174.30901666
"(500) Days of Summer",200,"1,373,754",2163258.87388167
"(500) Days of Summer",319,"1,373,754",1757775.18568191
"(500) Days of Summer",384,"1,373,754",1382175.77766789
"(500) Days of Summer",377,"1,373,754",2434628.39819456
"2012",838,"81,721,057",1560492.27344866
"2012",944,"81,721,057",1898791.59242748
"2012",945,"81,721,057",1559709.27138584
"2012",957,"81,721,057",1447370.60132567
"127 Hours",590,"372,989",1646328.22171684
"127 Hours",663,"372,989",1753639.43162825
"127 Hours",664,"372,989",2055782.96491886
"(500) Days of Summer",116,"1,373,754",2174573.36163712
"(500) Days of Summer",207,"1,373,754",2000761.75269714
"(500) Days of Summer",270,"1,373,754",1733994.16285829
"127 Hours",483,"372,989",2058852.49505208
"127 Hours",574,"372,989",1669863.30199641
"127 Hours",633,"372,989",2338248.94047724
"127 Hours",634,"372,989",1770643.17611786
"127 Hours",429,"372,989",2029907.96566182
"(500) Days of Summer",297,"1,373,754",1165066.34599949
"(500) Days of Summer",243,"1,373,754",1958887.99649804
"127 Hours",560,"372,989",2009827.70684427
"127 Hours",467,"372,989",2256741.47048622
"127 Hours",535,"372,989",2368124.02180834
"127 Hours",623,"372,989",1356772.98562936
"127 Hours",624,"372,989",1989166.40501838
"127 Hours",762,"372,989",1893202.55537128
"127 Hours",463,"372,989",2927420.34992075
"127 Hours",564,"372,989",1717587.93217759
"(500) Days of Summer",354,"1,373,754",1564976.33462651
"(500) Days of Summer",91,"1,373,754",1999922.16926042
"(500) Days of Summer",44,"1,373,754",2071790.94431242
"127 Hours",484,"372,989",2172544.07302959
"127 Hours",744,"372,989",2109835.14639195
"(500) Days of Summer",211,"1,373,754",1685325.52272295
"127 Hours",441,"372,989",2850277.2042538
"(500) Days of Summer",277,"1,373,754",1863322.02551349
"2012",943,"81,721,057",1778480.27602089
"(500) Days of Summer",141,"1,373,754",1634313.44836536
"(500) Days of Summer",142,"1,373,754",1795202.30243206
"(500) Days of Summer",184,"1,373,754",1989353.53894927
"127 Hours",573,"372,989",1581354.0362703
"127 Hours",632,"372,989",2408642.24091388
"127 Hours",712,"372,989",1999121.12194458
"127 Hours",466,"372,989",1772342.96678822
"(500) Days of Summer",208,"1,373,754",1569550.6299918
"127 Hours",417,"372,989",1647947.13102226
"127 Hours",486,"372,989",1864302.57171649
"127 Hours",489,"372,989",1720866.85184105
"127 Hours",685,"372,989",1818194.53216924
"127 Hours",749,"372,989",1600768.65785152
"2012",883,"81,721,057",1626414.22191491
"(500) Days of Summer",111,"1,373,754",1595513.64935072
"127 Hours",698,"372,989",2280008.18611798
"(500) Days of Summer",85,"1,373,754",2418166.57485069
"127 Hours",427,"372,989",2052567.91905231
"(500) Days of Summer",82,"1,373,754",2431847.73489797
"(500) Days of Summer",68,"1,373,754",1549950.18617864
"2012",985,"81,721,057",1308259.2868978
"(500) Days of Summer",288,"1,373,754",1863091.62316933
"(500) Days of Summer",289,"1,373,754",2413943.52469372
"(500) Days of Summer",304,"1,373,754",1837368.47189108
"(500) Days of Summer",357,"1,373,754",1508837.28016864
"(500) Days of Summer",358,"1,373,754",2344880.59049072
"(500) Days of Summer",238,"1,373,754",1689424.69820495
"127 Hours",426,"372,989",1796869.26796236
"(500) Days of Summer",95,"1,373,754",1844144.62573129
"2012",847,"81,721,057",1317543.50302652
"2012",886,"81,721,057",1331354.13035834
"(500) Days of Summer",324,"1,373,754",1547397.17702816
"(500) Days of Summer",383,"1,373,754",2254010.55772091
"(500) Days of Summer",242,"1,373,754",1981565.98434658
"127 Hours",525,"372,989",2011854.90545269
"(500) Days of Summer",98,"1,373,754",1752595.38481339
"(500) Days of Summer",350,"1,373,754",1993286.77008832
"(500) Days of Summer",269,"1,373,754",1579508.33306075
"127 Hours",411,"372,989",1856852.34401404
"127 Hours",452,"372,989",1502710.02153446
"127 Hours",731,"372,989",1913772.2300391
"127 Hours",767,"372,989",1343803.97339767
"127 Hours",768,"372,989",1786087.43242621
"127 Hours",770,"372,989",1503161.71806342
"127 Hours",492,"372,989",1525643.62603101
"(500) Days of Summer",153,"1,373,754",1575348.65866494
"(500) Days of Summer",154,"1,373,754",1935535.07843867
"127 Hours",422,"372,989",1609434.6649329
"127 Hours",695,"372,989",1788088.29563738
"127 Hours",697,"372,989",1875467.06092254
"127 Hours",724,"372,989",1538946.60311126
"(500) Days of Summer",79,"1,373,754",1881129.97542189
"127 Hours",516,"372,989",1734075.28828268
"(500) Days of Summer",103,"1,373,754",1906850.35792247
"(500) Days of Summer",157,"1,373,754",2040675.16301809
"127 Hours",567,"372,989",1461399.31675493
"(500) Days of Summer",247,"1,373,754",1709481.86622387
"(500) Days of Summer",192,"1,373,754",1796248.82289186
"2012",823,"81,721,057",1790375.3994512
"127 Hours",737,"372,989",1938744.15686091
"127 Hours",750,"372,989",2924877.38722973
"127 Hours",522,"372,989",2222682.79617601
"127 Hours",600,"372,989",1902206.63532428
"(500) Days of Summer",31,"1,373,754",2409656.31102305
"127 Hours",772,"372,989",1813370.17787962
"(500) Days of Summer",134,"1,373,754",1539127.98930755
"(500) Days of Summer",135,"1,373,754",1992920.98395129
"127 Hours",554,"372,989",2163492.50061497
"(500) Days of Summer",17,"1,373,754",2147321.61036537
"127 Hours",578,"372,989",1949458.80045571
"(500) Days of Summer",14,"1,373,754",1703681.12553548
"2012",937,"81,721,057",1734262.3018897
"127 Hours",761,"372,989",1769845.80842847
"127 Hours",765,"372,989",1790391.03242215
"2012",909,"81,721,057",2179897.40366045
"(500) Days of Summer",76,"1,373,754",1836517.42941896
"(500) Days of Summer",342,"1,373,754",1913887.21307627
"127 Hours",419,"372,989",2728282.28229066
"127 Hours",446,"372,989",1923283.06775052
"127 Hours",482,"372,989",2356612.39288907
"127 Hours",662,"372,989",1818288.78684104
"127 Hours",721,"372,989",2181536.14912992
"127 Hours",722,"372,989",1855374.15023594
"127 Hours",723,"372,989",2294434.84508933
"127 Hours",766,"372,989",1906090.02028428
"127 Hours",775,"372,989",1770508.73397804
"127 Hours",494,"372,989",2461927.69235099
"2012",904,"81,721,057",2370171.06530095
"(500) Days of Summer",215,"1,373,754",2044740.55271486
"(500) Days of Summer",126,"1,373,754",1654933.00512009
"127 Hours",622,"372,989",1885611.10299645
"(500) Days of Summer",38,"1,373,754",1796039.88246709
"(500) Days of Summer",81,"1,373,754",1875395.5921772
"(500) Days of Summer",282,"1,373,754",1671024.19745091
"127 Hours",593,"372,989",1421455.83919201
"(500) Days of Summer",378,"1,373,754",1793477.44095668
"(500) Days of Summer",363,"1,373,754",1873732.45030165
"(500) Days of Summer",94,"1,373,754",3710099.67174173
"(500) Days of Summer",24,"1,373,754",1812106.61326705
"(500) Days of Summer",303,"1,373,754",1400877.65503079
"127 Hours",748,"372,989",1861682.52385995
"127 Hours",754,"372,989",2132947.23435949
"127 Hours",758,"372,989",1894983.52782393
"127 Hours",760,"372,989",1615358.29749083
"127 Hours",764,"372,989",2043649.61447237
"(500) Days of Summer",29,"1,373,754",1356235.56423243
"(500) Days of Summer",152,"1,373,754",2580118.51094499
"127 Hours",418,"372,989",2920006.10864674
"127 Hours",591,"372,989",1702336.65798834
"127 Hours",679,"372,989",2115616.58845846
"127 Hours",718,"372,989",1615775.99953938
"127 Hours",719,"372,989",1299050.31619859
"127 Hours",720,"372,989",1783318.6478743
"127 Hours",733,"372,989",1584099.00747376
"127 Hours",734,"372,989",1688421.7911255
"127 Hours",735,"372,989",1491868.06273919
"(500) Days of Summer",102,"1,373,754",2583314.88340937
"2012",914,"81,721,057",1948639.06490051
"(500) Days of Summer",296,"1,373,754",2899564.59966035
"127 Hours",416,"372,989",1944629.01750271
"(500) Days of Summer",26,"1,373,754",1453568.73272431
"(500) Days of Summer",281,"1,373,754",2841254.93951194
"2012",791,"81,721,057",2499845.00765129
"(500) Days of Summer",61,"1,373,754",2043649.78193107
"127 Hours",499,"372,989",1581331.70667066
"(500) Days of Summer",292,"1,373,754",1398967.57277019
"(500) Days of Summer",379,"1,373,754",1919996.99853453
"2012",920,"81,721,057",1698704.03881174
"127 Hours",447,"372,989",1762616.15122753
"(500) Days of Summer",9,"1,373,754",1824240.52870567
"(500) Days of Summer",226,"1,373,754",2585603.0294381
"(500) Days of Summer",293,"1,373,754",1786052.72764468
"(500) Days of Summer",393,"1,373,754",1258838.98445882
"(500) Days of Summer",173,"1,373,754",2708640.58842582
"(500) Days of Summer",174,"1,373,754",998243.791319854
"(500) Days of Summer",343,"1,373,754",1447164.26320903
"2012",910,"81,721,057",1677681.38695072
"(500) Days of Summer",47,"1,373,754",1916048.03486511
"(500) Days of Summer",140,"1,373,754",1815820.13202941
"(500) Days of Summer",340,"1,373,754",2436411.47747103
"127 Hours",631,"372,989",1990319.23523221
"127 Hours",710,"372,989",2162866.59496824
"127 Hours",711,"372,989",2327278.9336388
"127 Hours",757,"372,989",2916540.97275003
"(500) Days of Summer",46,"1,373,754",1877352.58088642
"(500) Days of Summer",217,"1,373,754",1700616.62069217
"(500) Days of Summer",222,"1,373,754",1998964.18696626
"(500) Days of Summer",274,"1,373,754",1565605.94467707
"127 Hours",445,"372,989",1306533.12809037
"127 Hours",661,"372,989",1447529.87119493
"127 Hours",677,"372,989",1812245.69026686
"127 Hours",678,"372,989",1658548.17450868
"127 Hours",717,"372,989",1809625.30372274
"2012",913,"81,721,057",920018.481593344
"127 Hours",700,"372,989",2344389.71149186
"(500) Days of Summer",74,"1,373,754",1560240.11061356
"(500) Days of Summer",53,"1,373,754",1374919.6955108
"(500) Days of Summer",40,"1,373,754",1973327.37840583
"2012",805,"81,721,057",1403040.90005478
"127 Hours",752,"372,989",1139975.79130304
"127 Hours",759,"372,989",1449081.46151792
"2012",981,"81,721,057",2175630.0770586
"2012",996,"81,721,057",1514400.1890645
"(500) Days of Summer",62,"1,373,754",1046709.82817561
"2012",824,"81,721,057",2123040.73151864
"2012",870,"81,721,057",1962533.57556708
"2012",885,"81,721,057",1697939.26565599
"2012",918,"81,721,057",2072224.69678804
"2012",919,"81,721,057",2372269.65622395
"(500) Days of Summer",373,"1,373,754",1582819.6605812
"(500) Days of Summer",224,"1,373,754",1540239.3389781
"(500) Days of Summer",225,"1,373,754",1655139.92717453
"(500) Days of Summer",392,"1,373,754",1875684.92863588
"(500) Days of Summer",302,"1,373,754",1325746.93153132
"(500) Days of Summer",376,"1,373,754",1402732.98104294
"127 Hours",594,"372,989",1587239.00277031
"127 Hours",681,"372,989",1643457.30834935
"2012",984,"81,721,057",1565417.84727138
"127 Hours",449,"372,989",1474102.51990094
"127 Hours",629,"372,989",1695925.87801301
"127 Hours",630,"372,989",1779519.30588171
"(500) Days of Summer",150,"1,373,754",2036394.84510275
"(500) Days of Summer",151,"1,373,754",1700302.4494802
"127 Hours",432,"372,989",1233165.29612717
"127 Hours",442,"372,989",1992881.57126036
"127 Hours",552,"372,989",2327534.21077265
"127 Hours",659,"372,989",1789137.67804605
"127 Hours",660,"372,989",2139650.47994568
"(500) Days of Summer",125,"1,373,754",1185214.00404731
"127 Hours",606,"372,989",1279806.30415708
"(500) Days of Summer",11,"1,373,754",1979190.43123124
"127 Hours",472,"372,989",1655427.71506294
"127 Hours",462,"372,989",1944944.46766218
"(500) Days of Summer",67,"1,373,754",2106442.89408944
"(500) Days of Summer",52,"1,373,754",1887526.33381712
"2012",777,"81,721,057",1954575.07259234
"2012",779,"81,721,057",1667977.01178275
"2012",792,"81,721,057",1211449.94089574
"127 Hours",751,"372,989",1632691.68518723
"(500) Days of Summer",287,"1,373,754",1288964.02017338
"(500) Days of Summer",133,"1,373,754",1342843.02892242
"2012",917,"81,721,057",2075461.48640369
"(500) Days of Summer",22,"1,373,754",1300534.19818541
"(500) Days of Summer",391,"1,373,754",1541382.4729504
"(500) Days of Summer",172,"1,373,754",1296431.43565925
"2012",844,"81,721,057",2218582.55665249
"(500) Days of Summer",349,"1,373,754",1625815.06029544
"127 Hours",586,"372,989",2433643.24912464
"127 Hours",680,"372,989",1430612.45663905
"127 Hours",727,"372,989",2302969.42380178
"127 Hours",755,"372,989",2596469.10629021
"127 Hours",628,"372,989",2069796.89337335
"2012",990,"81,721,057",1566956.2457643
"127 Hours",740,"372,989",2230007.91051668
"(500) Days of Summer",78,"1,373,754",1805380.97232842
"127 Hours",528,"372,989",2013135.52793042
"127 Hours",670,"372,989",1873063.57725003
"2012",845,"81,721,057",2489719.37059002
"(500) Days of Summer",50,"1,373,754",1459812.5292353
"(500) Days of Summer",84,"1,373,754",1471021.98639849
"127 Hours",423,"372,989",1072860.61630916
"127 Hours",534,"372,989",1748783.11992711
"(500) Days of Summer",73,"1,373,754",1287449.61384217
"2012",989,"81,721,057",1932320.80112769
"(500) Days of Summer",51,"1,373,754",1893609.38334942
"(500) Days of Summer",33,"1,373,754",2131426.6624428
"2012",787,"81,721,057",1419970.43121755
"2012",789,"81,721,057",1756383.76965196
"2012",836,"81,721,057",2048201.94712041
"2012",843,"81,721,057",2121963.67418971
"2012",879,"81,721,057",2090682.62296556
"2012",880,"81,721,057",1226724.12803739
"2012",881,"81,721,057",2038188.29088772
"127 Hours",592,"372,989",985597.757651973
"(500) Days of Summer",286,"1,373,754",2862554.4679064
"(500) Days of Summer",309,"1,373,754",3359667.24488411
"(500) Days of Summer",117,"1,373,754",3607191.75147484
"(500) Days of Summer",93,"1,373,754",2295726.37028494
"2012",893,"81,721,057",3670129.9326554
"2012",916,"81,721,057",2981486.23372227
"127 Hours",743,"372,989",2815174.32572397
"127 Hours",747,"372,989",2416406.74534995
"(500) Days of Summer",210,"1,373,754",2176127.74171861
"(500) Days of Summer",317,"1,373,754",3111454.85725425
"(500) Days of Summer",318,"1,373,754",2650631.28287247
"127 Hours",518,"372,989",2965219.04577584
"127 Hours",545,"372,989",2256016.32856398
"127 Hours",546,"372,989",4003726.79278583
"127 Hours",627,"372,989",3192932.5903755
"127 Hours",430,"372,989",2521380.50590826
"127 Hours",479,"372,989",2937293.29625075
"127 Hours",493,"372,989",3565331.67985169
"127 Hours",503,"372,989",2355955.14438479
"2012",878,"81,721,057",2741711.75421385
"127 Hours",475,"372,989",3047628.80544829
"127 Hours",532,"372,989",2493095.51450416
"127 Hours",533,"372,989",3500209.68710096
"2012",778,"81,721,057",2227373.97624159
"2012",780,"81,721,057",2552936.62337857
"2012",784,"81,721,057",2405973.39782598
"2012",786,"81,721,057",4936816.8696152
"2012",801,"81,721,057",2970894.31430506
"2012",804,"81,721,057",3842269.65137912
"2012",841,"81,721,057",2785165.73823383
"2012",842,"81,721,057",3706850.26595791
"127 Hours",689,"372,989",2311018.18468077
"(500) Days of Summer",335,"1,373,754",3372378.53734201
"127 Hours",488,"372,989",2789706.52340956
"127 Hours",769,"372,989",2860844.55587453
"127 Hours",406,"372,989",2499826.58504297
"127 Hours",602,"372,989",4281778.92246107
"(500) Days of Summer",54,"1,373,754",2315256.90382054
"2012",979,"81,721,057",2462154.66925922
"(500) Days of Summer",316,"1,373,754",2047454.51551559
"2012",867,"81,721,057",2533253.09299463
"2012",928,"81,721,057",2572364.73635055
"(500) Days of Summer",58,"1,373,754",2012498.54002654
"(500) Days of Summer",139,"1,373,754",3145454.41573245
"127 Hours",450,"372,989",2302909.53515895
"(500) Days of Summer",149,"1,373,754",3610220.51973983
"2012",963,"81,721,057",2329138.29802998
"127 Hours",551,"372,989",1875292.5875709
"(500) Days of Summer",162,"1,373,754",3762003.31652266
"127 Hours",502,"372,989",3012238.30743679
"127 Hours",561,"372,989",1938170.48536917
"127 Hours",505,"372,989",2955344.34319699
"2012",848,"81,721,057",2282976.64779222
"127 Hours",621,"372,989",2738101.42193037
"(500) Days of Summer",191,"1,373,754",3320393.59963497
"2012",822,"81,721,057",3458856.59644879
"2012",864,"81,721,057",3065798.21429145
"2012",898,"81,721,057",2554918.98258258
"2012",903,"81,721,057",4015496.38749294
"2012",966,"81,721,057",3786396.76796672
"2012",970,"81,721,057",1966999.06175118
"2012",971,"81,721,057",2386650.54952911
"2012",972,"81,721,057",4652178.8842896
"2012",976,"81,721,057",5022071.40708353
"127 Hours",739,"372,989",3288920.8107719
"(500) Days of Summer",219,"1,373,754",2613348.40687816
"(500) Days of Summer",362,"1,373,754",3681649.97298587
"127 Hours",694,"372,989",3134958.07354351
"(500) Days of Summer",348,"1,373,754",2974744.15991833
"(500) Days of Summer",138,"1,373,754",3208611.33667349
"2012",936,"81,721,057",3115566.25726017
"(500) Days of Summer",251,"1,373,754",3624865.52329486
"127 Hours",544,"372,989",2396345.77501599
"(500) Days of Summer",273,"1,373,754",1875047.28618661
"(500) Days of Summer",118,"1,373,754",2651686.68392381
"127 Hours",549,"372,989",3188595.37720139
"127 Hours",550,"372,989",3229314.70255264
"(500) Days of Summer",2,"1,373,754",1739476.01665385
"(500) Days of Summer",295,"1,373,754",1627350.8237047
"(500) Days of Summer",267,"1,373,754",2154613.37264253
"2012",877,"81,721,057",2082462.92341785
"127 Hours",425,"372,989",3180360.05907284
"127 Hours",474,"372,989",3122570.23526578
"2012",782,"81,721,057",2216024.71385197
"2012",793,"81,721,057",2605530.56240313
"2012",827,"81,721,057",2758896.01723986
"2012",833,"81,721,057",2523452.71304391
"2012",858,"81,721,057",3732884.7345604
"2012",876,"81,721,057",2555105.69132986
"2012",899,"81,721,057",2131567.08936304
"2012",965,"81,721,057",2172883.22637928
"2012",969,"81,721,057",3022407.15274856
"2012",975,"81,721,057",3227553.50059509
"2012",978,"81,721,057",2651556.22160454
"(500) Days of Summer",198,"1,373,754",4025820.00742328
"(500) Days of Summer",284,"1,373,754",3035605.07490065
"(500) Days of Summer",285,"1,373,754",2816718.03634747
"(500) Days of Summer",356,"1,373,754",1944901.24891596
"(500) Days of Summer",361,"1,373,754",2024505.21766725
"(500) Days of Summer",206,"1,373,754",2801726.0603153
"127 Hours",753,"372,989",2247426.46848225
"(500) Days of Summer",220,"1,373,754",2945497.56520413
"(500) Days of Summer",336,"1,373,754",3018329.97788344
"(500) Days of Summer",382,"1,373,754",2115652.27115858
"(500) Days of Summer",97,"1,373,754",2374467.24008335
"(500) Days of Summer",301,"1,373,754",2858441.41964956
"(500) Days of Summer",375,"1,373,754",2922483.15325427
"(500) Days of Summer",322,"1,373,754",2830355.40123146
"127 Hours",440,"372,989",4197536.18726583
"127 Hours",478,"372,989",2559394.82237985
"127 Hours",543,"372,989",3260267.39137483
"(500) Days of Summer",160,"1,373,754",1945319.258864
"(500) Days of Summer",32,"1,373,754",2868951.94190327
"(500) Days of Summer",148,"1,373,754",4175962.26931296
"127 Hours",547,"372,989",3684574.74485739
"127 Hours",548,"372,989",1874627.13070372
"127 Hours",716,"372,989",2272995.86614334
"127 Hours",774,"372,989",1854340.65017586
"(500) Days of Summer",77,"1,373,754",2577850.94516209
"(500) Days of Summer",124,"1,373,754",1585344.21190583
"(500) Days of Summer",155,"1,373,754",2599322.56540137
"(500) Days of Summer",83,"1,373,754",3433416.25286678
"(500) Days of Summer",250,"1,373,754",3735726.09070327
"127 Hours",620,"372,989",1903959.70230879
"2012",906,"81,721,057",2310158.74552747
"127 Hours",562,"372,989",3895354.9843944
"127 Hours",563,"372,989",2361499.94312626
"(500) Days of Summer",42,"1,373,754",1858864.64770713
"(500) Days of Summer",92,"1,373,754",2896787.51226107
"(500) Days of Summer",331,"1,373,754",2895027.67226285
"(500) Days of Summer",397,"1,373,754",1650256.55881529
"2012",797,"81,721,057",2892768.19425852
"2012",800,"81,721,057",1854184.04764576
"2012",802,"81,721,057",3004040.41146512
"2012",812,"81,721,057",4480708.20952955
"2012",860,"81,721,057",3458722.72470978
"2012",861,"81,721,057",2418674.38478714
"2012",902,"81,721,057",4415537.8987376
"2012",973,"81,721,057",3300567.89218863
"2012",974,"81,721,057",2914280.7180327
"2012",977,"81,721,057",4906996.46970455
"127 Hours",688,"372,989",3880718.92503306
"127 Hours",691,"372,989",2948465.26651231
"(500) Days of Summer",13,"1,373,754",1949216.76827238
"2012",865,"81,721,057",2756347.38544013
"(500) Days of Summer",132,"1,373,754",4164531.79093727
"(500) Days of Summer",170,"1,373,754",3027616.53145108
"(500) Days of Summer",171,"1,373,754",3375583.95808055
"(500) Days of Summer",239,"1,373,754",2277549.20900572
"(500) Days of Summer",300,"1,373,754",2771384.45224664
"(500) Days of Summer",395,"1,373,754",2817744.8495365
"2012",942,"81,721,057",1667889.98192028
"(500) Days of Summer",86,"1,373,754",2812096.92345099
"127 Hours",428,"372,989",2699479.91603584
"127 Hours",626,"372,989",3480764.72788389
"2012",941,"81,721,057",4181457.24999002
"(500) Days of Summer",254,"1,373,754",2298549.25842391
"127 Hours",448,"372,989",2523792.67910369
"127 Hours",595,"372,989",2260504.16411807
"127 Hours",597,"372,989",3484701.59160005
"127 Hours",658,"372,989",1473248.86278355
"(500) Days of Summer",294,"1,373,754",3177600.27544046
"(500) Days of Summer",123,"1,373,754",2915011.87326145
"2012",930,"81,721,057",2196912.14418308
"127 Hours",604,"372,989",2609661.2185282
"127 Hours",605,"372,989",2593095.04743081
"(500) Days of Summer",266,"1,373,754",2729502.64087502
"127 Hours",619,"372,989",2864508.79381928
"(500) Days of Summer",72,"1,373,754",2814992.71970676
"(500) Days of Summer",36,"1,373,754",2884776.15718144
"(500) Days of Summer",246,"1,373,754",2288258.49077837
"2012",982,"81,721,057",3282471.35890749
"2012",788,"81,721,057",2015539.30617314
"2012",799,"81,721,057",2617987.92390636
"2012",835,"81,721,057",2762247.12506991
"2012",862,"81,721,057",3159261.72967686
"2012",863,"81,721,057",3854719.32249998
"2012",967,"81,721,057",2568489.04414558
"2012",968,"81,721,057",3593614.57571452
"127 Hours",405,"372,989",2922169.60337565
"2012",900,"81,721,057",2619487.09859699
"(500) Days of Summer",196,"1,373,754",2225298.15950321
"(500) Days of Summer",197,"1,373,754",2451345.62582282
"2012",814,"81,721,057",3853326.84339037
"(500) Days of Summer",168,"1,373,754",2194276.49184622
"2012",846,"81,721,057",2758913.12221164
"(500) Days of Summer",369,"1,373,754",2473620.24243627
"(500) Days of Summer",370,"1,373,754",2641478.04218023
"(500) Days of Summer",259,"1,373,754",2672046.03712489
"127 Hours",726,"372,989",3209601.59784146
"(500) Days of Summer",115,"1,373,754",2602050.51135781
"(500) Days of Summer",137,"1,373,754",2541138.84616351
"127 Hours",542,"372,989",2367324.74230073
"127 Hours",433,"372,989",3560871.79051018
"127 Hours",656,"372,989",2250697.25337147
"127 Hours",657,"372,989",2037336.22920767
"(500) Days of Summer",325,"1,373,754",2231324.59705261
"127 Hours",458,"372,989",2939696.57437434
"127 Hours",668,"372,989",2690650.08336379
"127 Hours",669,"372,989",2540154.51167444
"(500) Days of Summer",45,"1,373,754",3860871.16343014
"127 Hours",529,"372,989",3660302.55014022
"127 Hours",530,"372,989",2069132.15013278
"127 Hours",531,"372,989",3031850.21285472
"(500) Days of Summer",34,"1,373,754",2445613.21488024
"(500) Days of Summer",280,"1,373,754",3378558.85289534
"2012",953,"81,721,057",2532185.93639812
"127 Hours",451,"372,989",3356663.47665974
"127 Hours",666,"372,989",2854540.64889449
"127 Hours",776,"372,989",3222373.18457563
"127 Hours",498,"372,989",2042538.76602059
"(500) Days of Summer",15,"1,373,754",2827532.0683157
"(500) Days of Summer",308,"1,373,754",2044363.40288864
"127 Hours",667,"372,989",5505138.80696521
"(500) Days of Summer",16,"1,373,754",1936673.05389972
"2012",915,"81,721,057",1550688.30553376
"(500) Days of Summer",71,"1,373,754",3106809.08605593
"(500) Days of Summer",7,"1,373,754",3235552.29364085
"127 Hours",524,"372,989",2731836.82272569
"127 Hours",456,"372,989",3080841.73901684
"(500) Days of Summer",20,"1,373,754",3951542.9548178
"(500) Days of Summer",209,"1,373,754",3492552.79847444
"2012",980,"81,721,057",2675671.41432271
"(500) Days of Summer",183,"1,373,754",1561615.93205902
"127 Hours",471,"372,989",3298956.09785899
"127 Hours",541,"372,989",3215244.64097313
"(500) Days of Summer",337,"1,373,754",1719299.06496693
"(500) Days of Summer",165,"1,373,754",3116657.11523103
"127 Hours",655,"372,989",3764705.12550235
"127 Hours",715,"372,989",2195906.79865503
"(500) Days of Summer",214,"1,373,754",2722010.51752441
"(500) Days of Summer",372,"1,373,754",3145778.56261069
"(500) Days of Summer",388,"1,373,754",2586202.17007733
"(500) Days of Summer",394,"1,373,754",3477975.78148976
"2012",868,"81,721,057",2818267.49099538
"2012",892,"81,721,057",3481733.30753514
"2012",911,"81,721,057",3057455.11333118
"(500) Days of Summer",87,"1,373,754",3613062.47663728
"(500) Days of Summer",236,"1,373,754",3600194.13398431
"(500) Days of Summer",131,"1,373,754",3342096.49035442
"127 Hours",527,"372,989",2589980.17507368
"2012",927,"81,721,057",4256479.14667731
"(500) Days of Summer",279,"1,373,754",2730290.60735054
"2012",859,"81,721,057",3260282.32119909
"2012",951,"81,721,057",4215079.69850612
"2012",952,"81,721,057",2542298.84181243
"127 Hours",684,"372,989",1642941.09274998
"127 Hours",521,"372,989",3107806.71043024
"127 Hours",741,"372,989",3215879.89707366
"(500) Days of Summer",241,"1,373,754",2462658.69838449
"127 Hours",587,"372,989",2468575.85679617
"(500) Days of Summer",108,"1,373,754",2685562.41436867
"(500) Days of Summer",180,"1,373,754",3316912.64782638
"(500) Days of Summer",315,"1,373,754",2387725.28981839
"(500) Days of Summer",381,"1,373,754",2565947.84368434
"(500) Days of Summer",328,"1,373,754",2213980.4403657
"2012",806,"81,721,057",1910179.51293773
"2012",857,"81,721,057",2520186.77999684
"2012",798,"81,721,057",2828075.99737176
"2012",935,"81,721,057",2164664.16726455
"127 Hours",477,"372,989",2561209.70476717
"127 Hours",675,"372,989",2984927.12414497
"(500) Days of Summer",43,"1,373,754",3790104.83366452
"2012",818,"81,721,057",2772312.44425806
"127 Hours",444,"372,989",2928065.28551262
"127 Hours",577,"372,989",2741163.03424673
"2012",907,"81,721,057",2797333.18711142
"(500) Days of Summer",6,"1,373,754",2675154.60588953
"(500) Days of Summer",213,"1,373,754",2136389.07190161
"(500) Days of Summer",30,"1,373,754",3512832.60439486
"2012",815,"81,721,057",1587392.27813856
"(500) Days of Summer",101,"1,373,754",2451098.0067575
"(500) Days of Summer",245,"1,373,754",2164613.36387399
"127 Hours",763,"372,989",2585784.31465656
"2012",925,"81,721,057",1590054.90066157
"2012",926,"81,721,057",2728400.00092958
"127 Hours",616,"372,989",3626265.30145785
"127 Hours",617,"372,989",2954971.7737684
"127 Hours",618,"372,989",2075761.62361837
"2012",988,"81,721,057",2617874.78060219
"127 Hours",507,"372,989",2756973.34127717
"2012",785,"81,721,057",3787090.06264345
"2012",839,"81,721,057",3374046.16197968
"2012",949,"81,721,057",2698770.68475401
"2012",950,"81,721,057",3605720.606915
"2012",961,"81,721,057",2671662.83407675
"(500) Days of Summer",255,"1,373,754",3003712.33044596
"127 Hours",453,"372,989",2312072.47272789
"127 Hours",736,"372,989",2513240.25334544
"127 Hours",738,"372,989",2845837.95181428
"(500) Days of Summer",360,"1,373,754",2276137.66271124
"(500) Days of Summer",249,"1,373,754",1845905.69760786
"127 Hours",523,"372,989",1911484.83558587
"2012",905,"81,721,057",1964774.85330678
"127 Hours",470,"372,989",2120135.16561359
"(500) Days of Summer",272,"1,373,754",1556615.72450016
"2012",962,"81,721,057",4198437.23938795
"127 Hours",576,"372,989",2721271.99159591
"127 Hours",654,"372,989",1803534.81609478
"2012",993,"81,721,057",3654962.23556161
"(500) Days of Summer",402,"1,373,754",3334932.38585795
"127 Hours",501,"372,989",2478434.56594968
"(500) Days of Summer",100,"1,373,754",2928766.38104573
"(500) Days of Summer",176,"1,373,754",3125497.1232747
"127 Hours",555,"372,989",2254547.77053763
"2012",890,"81,721,057",2599989.31166189
"127 Hours",512,"372,989",2579181.8721339
"(500) Days of Summer",330,"1,373,754",2521388.55185828
"127 Hours",403,"372,989",2559547.59565391
"127 Hours",581,"372,989",1882212.58156123
"(500) Days of Summer",307,"1,373,754",3143795.15645359
"2012",901,"81,721,057",3528055.42689549
"(500) Days of Summer",107,"1,373,754",3063778.30435888
"(500) Days of Summer",70,"1,373,754",2909899.89908715
"127 Hours",439,"372,989",1696958.29568251
"(500) Days of Summer",4,"1,373,754",2362749.5244306
"(500) Days of Summer",323,"1,373,754",3041127.03018396
"127 Hours",585,"372,989",1569189.50018824
"127 Hours",725,"372,989",1673290.87125992
"127 Hours",589,"372,989",1567612.31222965
"127 Hours",730,"372,989",2362332.80766819
"2012",884,"81,721,057",2075443.49567829
"(500) Days of Summer",75,"1,373,754",2429745.24064075
"(500) Days of Summer",147,"1,373,754",3045386.71540862
"2012",830,"81,721,057",3076436.67037731
"2012",874,"81,721,057",5926949.34402817
"2012",940,"81,721,057",3318810.11524586
"2012",955,"81,721,057",3482081.659841
"2012",956,"81,721,057",2029343.43006426
"127 Hours",599,"372,989",2333790.75308255
"(500) Days of Summer",56,"1,373,754",3661064.91617471
"(500) Days of Summer",5,"1,373,754",2715944.1333657
"(500) Days of Summer",229,"1,373,754",2027266.98250903
"(500) Days of Summer",230,"1,373,754",3920558.97538742
"(500) Days of Summer",130,"1,373,754",3280844.5033032
"2012",924,"81,721,057",2897644.37228449
"127 Hours",615,"372,989",2535079.80397878
"127 Hours",707,"372,989",2579639.91443775
"(500) Days of Summer",159,"1,373,754",3418086.28705732
"127 Hours",671,"372,989",2782612.94042568
"(500) Days of Summer",66,"1,373,754",2368851.91973982
"(500) Days of Summer",278,"1,373,754",2108598.69567218
"(500) Days of Summer",353,"1,373,754",2948738.34539984
"2012",829,"81,721,057",2913193.36593071
"2012",856,"81,721,057",2037435.33662343
"(500) Days of Summer",240,"1,373,754",3377107.61374645
"127 Hours",491,"372,989",1201677.95706879
"2012",820,"81,721,057",1973168.40786902
"127 Hours",674,"372,989",2720942.43413041
"(500) Days of Summer",146,"1,373,754",3340575.40274177
"2012",895,"81,721,057",3153444.05704235
"2012",939,"81,721,057",2322238.74793632
"127 Hours",414,"372,989",1980961.06249993
"127 Hours",584,"372,989",1072812.26373706
"127 Hours",676,"372,989",2003541.22444309
"127 Hours",696,"372,989",2810054.76534256
"127 Hours",514,"372,989",1592181.54586361
"127 Hours",515,"372,989",4411831.15471237
"(500) Days of Summer",401,"1,373,754",3987501.54731267
"(500) Days of Summer",122,"1,373,754",2916132.98894553
"(500) Days of Summer",326,"1,373,754",2820874.65328043
"(500) Days of Summer",1,"1,373,754",3561479.57247946
"(500) Days of Summer",399,"1,373,754",2810319.78478178
"(500) Days of Summer",129,"1,373,754",2665638.68838804
"127 Hours",526,"372,989",2537772.93537115
"127 Hours",582,"372,989",3098696.52217296
"2012",816,"81,721,057",3619825.4184726
"127 Hours",614,"372,989",1835206.62626685
"(500) Days of Summer",80,"1,373,754",3452063.34442251
"127 Hours",473,"372,989",3139374.80945281
"127 Hours",506,"372,989",2274324.6682721
"2012",794,"81,721,057",3194584.1773025
"2012",795,"81,721,057",1980564.84827807
"2012",808,"81,721,057",2237076.90235059
"2012",809,"81,721,057",2266921.26861706
"2012",855,"81,721,057",2051522.48879583
"2012",873,"81,721,057",1927464.5062598
"2012",948,"81,721,057",2592311.21703729
"(500) Days of Summer",60,"1,373,754",1707851.2333227
"(500) Days of Summer",90,"1,373,754",1833626.91882478
"(500) Days of Summer",256,"1,373,754",1585539.12525696
"(500) Days of Summer",106,"1,373,754",1678344.19013408
"(500) Days of Summer",179,"1,373,754",1316910.04088562
"(500) Days of Summer",248,"1,373,754",1758966.35766188
"(500) Days of Summer",368,"1,373,754",1328347.72154927
"(500) Days of Summer",49,"1,373,754",1308255.75033519
"2012",826,"81,721,057",1721910.52935852
"(500) Days of Summer",114,"1,373,754",1656917.47757452
"(500) Days of Summer",268,"1,373,754",1540281.4969816
"127 Hours",461,"372,989",2009565.87640642
"(500) Days of Summer",253,"1,373,754",1898847.19786041
"127 Hours",575,"372,989",2210722.91111921
"127 Hours",653,"372,989",1741662.52693571
"(500) Days of Summer",389,"1,373,754",2837211.04162124
"(500) Days of Summer",99,"1,373,754",1507749.37544551
"127 Hours",480,"372,989",1880534.38293046
"127 Hours",613,"372,989",1425571.9323542
"(500) Days of Summer",112,"1,373,754",1555816.17590198
"(500) Days of Summer",55,"1,373,754",2268960.06783863
"2012",819,"81,721,057",1655386.43904273
"2012",854,"81,721,057",2268707.15355102
"2012",964,"81,721,057",2224182.5853771
"127 Hours",404,"372,989",1840185.77682171
"127 Hours",413,"372,989",2060705.03052907
"127 Hours",520,"372,989",1828492.25671809
"2012",954,"81,721,057",1912022.03327002
"(500) Days of Summer",306,"1,373,754",1948401.61484247
"(500) Days of Summer",359,"1,373,754",1498505.73573899
"(500) Days of Summer",257,"1,373,754",1840421.58884705
"2012",997,"81,721,057",2066366.13018744
"127 Hours",553,"372,989",1525457.17766273
"(500) Days of Summer",366,"1,373,754",1501519.58172811
"(500) Days of Summer",367,"1,373,754",1485296.48320414
"127 Hours",500,"372,989",1496828.34026265
"(500) Days of Summer",23,"1,373,754",1985390.97388563
"(500) Days of Summer",188,"1,373,754",1803970.47826896
"127 Hours",469,"372,989",1520695.82018889
"127 Hours",539,"372,989",1737246.91673107
"127 Hours",540,"372,989",1102692.54169618
"127 Hours",431,"372,989",1617826.16992505
"127 Hours",435,"372,989",1928479.56151392
"2012",992,"81,721,057",2151721.90847225
"127 Hours",513,"372,989",1900933.43017236
"(500) Days of Summer",205,"1,373,754",1936976.23378351
"(500) Days of Summer",321,"1,373,754",1148693.22521703
"(500) Days of Summer",333,"1,373,754",1369583.86147608
"(500) Days of Summer",385,"1,373,754",1863944.46371352
"(500) Days of Summer",396,"1,373,754",1634033.28979597
"(500) Days of Summer",400,"1,373,754",1644166.62466021
"(500) Days of Summer",175,"1,373,754",2101361.67994213
"127 Hours",603,"372,989",1949723.68970535
"(500) Days of Summer",110,"1,373,754",1839760.00747092
"127 Hours",598,"372,989",1639536.32504764
"(500) Days of Summer",105,"1,373,754",1329563.72906864
"(500) Days of Summer",265,"1,373,754",1551870.55465293
"127 Hours",706,"372,989",1568935.51922472
"(500) Days of Summer",352,"1,373,754",2145394.46261087
"2012",821,"81,721,057",1646930.60374572
"2012",853,"81,721,057",1819928.31322722
"2012",960,"81,721,057",1846052.84197775
"127 Hours",519,"372,989",1661952.65104247
"(500) Days of Summer",121,"1,373,754",1644739.10131203
"(500) Days of Summer",109,"1,373,754",2634460.10251513
"127 Hours",454,"372,989",1466795.04073901
"127 Hours",455,"372,989",2113471.60288255
"(500) Days of Summer",347,"1,373,754",1954306.00854211
"(500) Days of Summer",374,"1,373,754",1236960.54636079
"2012",837,"81,721,057",2083936.38097651
"2012",891,"81,721,057",1911342.75309128
"127 Hours",407,"372,989",2577574.8206323
"(500) Days of Summer",57,"1,373,754",1501345.60182307
"127 Hours",496,"372,989",1388589.04110243
"(500) Days of Summer",28,"1,373,754",1396509.22336442
"127 Hours",538,"372,989",2281495.97367098
"127 Hours",570,"372,989",1511070.95091909
"127 Hours",571,"372,989",1612455.97155007
"127 Hours",572,"372,989",1738952.14974144
"127 Hours",625,"372,989",2415226.58211558
"127 Hours",460,"372,989",1890977.32944454
"(500) Days of Summer",37,"1,373,754",1763435.96060342
"2012",817,"81,721,057",1945494.00860448
"127 Hours",424,"372,989",2118778.35338131
"127 Hours",651,"372,989",2116357.44301499
"127 Hours",652,"372,989",1912556.22137373
"127 Hours",714,"372,989",1803112.24584922
"127 Hours",559,"372,989",2036744.57459646
"127 Hours",690,"372,989",1559443.25817816
"(500) Days of Summer",237,"1,373,754",1906050.35381681
"2012",912,"81,721,057",1738747.82952154
"127 Hours",699,"372,989",1731597.88529387
"(500) Days of Summer",216,"1,373,754",2357478.52408081
"127 Hours",437,"372,989",1354444.74724693
"127 Hours",557,"372,989",1730093.20035043
"127 Hours",665,"372,989",1926526.92261674
"127 Hours",687,"372,989",1736677.85843101
"(500) Days of Summer",195,"1,373,754",1478832.55759464
"(500) Days of Summer",305,"1,373,754",2567821.81001278
"(500) Days of Summer",167,"1,373,754",1552845.10592595
"(500) Days of Summer",233,"1,373,754",2847662.9100951
"(500) Days of Summer",178,"1,373,754",1918101.47174061
"(500) Days of Summer",314,"1,373,754",1754248.37807858
"(500) Days of Summer",187,"1,373,754",1090089.81181164
"2012",850,"81,721,057",2267728.27909824
"127 Hours",495,"372,989",1669443.77859575
"2012",834,"81,721,057",1789564.19120599
"127 Hours",434,"372,989",1901467.81082506
"127 Hours",746,"372,989",1447547.649407
"127 Hours",650,"372,989",1465675.0552628
"127 Hours",773,"372,989",1971437.09130448
"(500) Days of Summer",338,"1,373,754",1653424.5194358
"(500) Days of Summer",89,"1,373,754",2355378.07723926
"(500) Days of Summer",228,"1,373,754",2326100.58171914
"(500) Days of Summer",334,"1,373,754",1936260.34155212
"(500) Days of Summer",88,"1,373,754",1656563.57714772
"2012",790,"81,721,057",2243588.65800529
"2012",796,"81,721,057",1472959.25770003
"2012",840,"81,721,057",2367234.76114353
"127 Hours",420,"372,989",2019672.08017396
"(500) Days of Summer",120,"1,373,754",2104901.87217643
"(500) Days of Summer",182,"1,373,754",1875505.14204425
"127 Hours",672,"372,989",2091598.87602343
"127 Hours",673,"372,989",1828495.15525192
"127 Hours",709,"372,989",1208511.15103433
"(500) Days of Summer",185,"1,373,754",2023928.73511216
"127 Hours",487,"372,989",1777426.60116247
"127 Hours",648,"372,989",1560487.61329856
"127 Hours",649,"372,989",2142109.83605952
"127 Hours",465,"372,989",1496083.13582682
"(500) Days of Summer",203,"1,373,754",2572669.34665849
"(500) Days of Summer",204,"1,373,754",1937359.38065243
"(500) Days of Summer",371,"1,373,754",2189378.42039129
"127 Hours",457,"372,989",2035493.24099514
"2012",807,"81,721,057",1787368.06274391
"127 Hours",443,"372,989",1978725.90245153
"127 Hours",511,"372,989",2050353.40225994
"127 Hours",692,"372,989",2260104.0907189
"2012",897,"81,721,057",1604064.12362346
"(500) Days of Summer",41,"1,373,754",2904118.15163479
"(500) Days of Summer",65,"1,373,754",1310069.91344995
"2012",959,"81,721,057",1568229.12368265
"(500) Days of Summer",344,"1,373,754",3178047.75136088
"127 Hours",729,"372,989",1468716.07532496
"(500) Days of Summer",283,"1,373,754",1293994.95523298
"127 Hours",771,"372,989",1654785.53871953
"(500) Days of Summer",21,"1,373,754",1709990.19840544
"127 Hours",611,"372,989",1683674.19882845
"(500) Days of Summer",12,"1,373,754",1204693.01274371
"(500) Days of Summer",223,"1,373,754",2063706.25653479
"(500) Days of Summer",119,"1,373,754",1173181.59636758
"(500) Days of Summer",276,"1,373,754",2395344.18667422
"(500) Days of Summer",144,"1,373,754",1424248.40105664
"(500) Days of Summer",145,"1,373,754",1333175.64165642
"2012",849,"81,721,057",1114828.77764877
"2012",894,"81,721,057",2122676.51270596
"(500) Days of Summer",252,"1,373,754",1319062.8041391
"127 Hours",647,"372,989",1507605.4075725
"127 Hours",438,"372,989",1133342.84024713
"127 Hours",558,"372,989",1710745.49024761
"(500) Days of Summer",25,"1,373,754",2251047.19875819
"(500) Days of Summer",260,"1,373,754",1960250.75430297
"(500) Days of Summer",8,"1,373,754",1646658.72340442
"2012",889,"81,721,057",1629292.40129349
"127 Hours",612,"372,989",1741467.46643701
"127 Hours",705,"372,989",1978314.5955215
"127 Hours",421,"372,989",2516237.99887362
"127 Hours",702,"372,989",2262518.74990421
"127 Hours",703,"372,989",1106462.79757234
"2012",783,"81,721,057",2279600.21232542
"2012",832,"81,721,057",2671911.10464093
"127 Hours",408,"372,989",2623622.98271077
"127 Hours",412,"372,989",1273717.85774519
"127 Hours",682,"372,989",1323896.63212242
"127 Hours",683,"372,989",1868957.21905824
"127 Hours",756,"372,989",2361330.02367783
"127 Hours",490,"372,989",1957658.25507676
"(500) Days of Summer",386,"1,373,754",2080304.82354694
"127 Hours",693,"372,989",1335065.18168531
"(500) Days of Summer",69,"1,373,754",1889980.68763083
"127 Hours",510,"372,989",1354248.27363316
"(500) Days of Summer",313,"1,373,754",1427275.51146237
"(500) Days of Summer",390,"1,373,754",1962619.79682259
"(500) Days of Summer",64,"1,373,754",2360398.23644139
"127 Hours",436,"372,989",1887040.6410309
"(500) Days of Summer",232,"1,373,754",2089128.62588834
"(500) Days of Summer",275,"1,373,754",1957696.72625249
"(500) Days of Summer",299,"1,373,754",2075383.92332315
"2012",983,"81,721,057",1943313.84162045
"(500) Days of Summer",3,"1,373,754",2136648.32284248
"2012",938,"81,721,057",1859795.32711261
"127 Hours",410,"372,989",1445426.13858903
"127 Hours",485,"372,989",1314812.03366957
"127 Hours",645,"372,989",1455771.73580189
"127 Hours",646,"372,989",1862177.60223371
"(500) Days of Summer",161,"1,373,754",1828062.33228538
"(500) Days of Summer",212,"1,373,754",1337137.60521001
"(500) Days of Summer",264,"1,373,754",1532314.98746632
"2012",852,"81,721,057",1643108.05873996
"2012",887,"81,721,057",1677662.64698946
"2012",888,"81,721,057",2093900.31851295
"127 Hours",556,"372,989",1335902.06726066
"(500) Days of Summer",190,"1,373,754",1984117.26554584
"127 Hours",497,"372,989",1145893.6934828
"(500) Days of Summer",312,"1,373,754",1805523.9059368
"(500) Days of Summer",365,"1,373,754",2588204.88272725
"(500) Days of Summer",169,"1,373,754",890648.272573026
"2012",866,"81,721,057",1873664.95277468
"(500) Days of Summer",346,"1,373,754",1727051.5014244
"127 Hours",583,"372,989",2075254.47044099
"127 Hours",643,"372,989",1726486.44151416
"127 Hours",644,"372,989",1616577.35605526
"127 Hours",713,"372,989",1571199.64342961
"(500) Days of Summer",398,"1,373,754",2176920.82762889
"2012",1000,"81,721,057",1381307.84057222
"(500) Days of Summer",235,"1,373,754",2250364.26647319
"(500) Days of Summer",327,"1,373,754",1761199.8432771
"2012",871,"81,721,057",1776851.64984984
"127 Hours",701,"372,989",1797445.35773111
"(500) Days of Summer",218,"1,373,754",1630012.41099754
